split_seed,model,train_cohort,test_cohort,within_roc_auc,external_roc_auc,roc_auc_change,within_pr_auc,external_pr_auc,pr_auc_change,within_brier_score,external_brier_score,brier_score_change
0,Logistic Regression,Cleveland,Hungary,0.940766550522648,0.8703331995182657,-0.0704333510043823,0.9212340639299106,0.8185227583551662,-0.1027113055747444,0.1107439120001144,0.13731164324072484,0.026567731240610445
0,Random Forest,Cleveland,Hungary,0.9310104529616725,0.8826776395022079,-0.04833281345946461,0.9018158782907548,0.8284849843154857,-0.07333089397526915,0.13356025396162882,0.1331777077523062,-0.0003825462093226262
0,Logistic Regression,Hungary,Cleveland,0.8163908589440504,0.8473416388840147,0.030950779939964312,0.7631571359969442,0.830218107234777,0.06706097123783272,0.1671463008161661,0.16149484897810665,-0.005651451838059457
0,Random Forest,Hungary,Cleveland,0.8014184397163121,0.8493595367608352,0.047941097044523096,0.7305473427321203,0.8393373336850408,0.10878999095292052,0.17416892853827615,0.159905620196428,-0.014263308341848135
1,Logistic Regression,Cleveland,Hungary,0.8550522648083623,0.8812725812926535,0.02622031648429124,0.842551501015111,0.8345315800393808,-0.008019920975730233,0.15574337217201986,0.13480695410359023,-0.020936418068429635
1,Random Forest,Cleveland,Hungary,0.8494773519163763,0.8902549177037334,0.04077756578735714,0.8482874916855581,0.8226024930687507,-0.025684998616807397,0.1582934536854166,0.13093305232293598,-0.027360401362480635
1,Logistic Regression,Hungary,Cleveland,0.8408195429472025,0.8496227408317247,0.008803197884522218,0.789883910949025,0.8434911852003728,0.053607274251347814,0.15584665182651927,0.16218056201528924,0.00633391018876997
1,Random Forest,Hungary,Cleveland,0.8699763593380614,0.8480873837515353,-0.021888975586526138,0.8028067471960152,0.8442988565447078,0.04149210934869263,0.14580490571155116,0.1598942994753921,0.01408939376384094
2,Logistic Regression,Cleveland,Hungary,0.8871080139372822,0.879365716579687,-0.00774229735759524,0.8704351462491433,0.8294725271876198,-0.04096261906152354,0.13550736760029414,0.12771424265447426,-0.007793124945819879
2,Random Forest,Cleveland,Hungary,0.8696864111498257,0.8957246085909273,0.026038197441101585,0.8652400692203892,0.8328904894039526,-0.0323495798164366,0.14711188006040787,0.12601711238386978,-0.02109476767653809
2,Logistic Regression,Hungary,Cleveland,0.9204097714736013,0.8408054044569222,-0.07960436701667906,0.9030753750838625,0.8249058028303727,-0.07816957225348975,0.10304729813454064,0.1651514239236727,0.062104125789132075
2,Random Forest,Hungary,Cleveland,0.9385342789598108,0.8644060361466923,-0.07412824281311847,0.9140451115295785,0.8617437478039062,-0.05230136372567229,0.10728603118018368,0.15812421206316557,0.05083818088298189
3,Logistic Regression,Cleveland,Hungary,0.8745644599303135,0.8699317543155358,-0.004632705614777688,0.8754276351795196,0.8277538306545599,-0.04767380452495973,0.14074757439460975,0.13136084333908032,-0.009386731055529424
3,Random Forest,Cleveland,Hungary,0.8348432055749129,0.8860397430750702,0.05119653750015729,0.8101033679137618,0.8377989248510174,0.02769555693725556,0.16276616864822774,0.13047368560801073,-0.03229248304021701
3,Logistic Regression,Hungary,Cleveland,0.9401103230890465,0.845762414458677,-0.09434790863036957,0.9128720869011873,0.835828068895954,-0.0770440180052333,0.09578862665447682,0.16040594180515916,0.06461731515068234
3,Random Forest,Hungary,Cleveland,0.929866036249015,0.8479557817160905,-0.08191025453292444,0.8781873793004822,0.8488984830007398,-0.029288896299742406,0.10944605866747627,0.16067236591583192,0.051226307248355654
4,Logistic Regression,Cleveland,Hungary,0.8954703832752613,0.8708851866720193,-0.024585196603241988,0.8994881912230981,0.826510023388422,-0.07297816783467603,0.12360395215449559,0.13425961871747535,0.010655666562979768
4,Random Forest,Cleveland,Hungary,0.8766550522648083,0.8849859494179044,0.008330897153096095,0.869506951821069,0.8184309348381249,-0.05107601698294406,0.14772144281748578,0.13550908387677946,-0.012212358940706325
4,Logistic Regression,Hungary,Cleveland,0.9259259259259259,0.8471223021582733,-0.0788036237676526,0.803499095273507,0.838161573289756,0.034662478016249,0.11408593145697543,0.16141918738695726,0.04733325592998183
4,Random Forest,Hungary,Cleveland,0.9054373522458629,0.8464642919810492,-0.05897306026481364,0.8496799520907365,0.8400873142350656,-0.009592637855670993,0.12409978095219124,0.16052322314305578,0.03642344219086455
5,Logistic Regression,Cleveland,Hungary,0.89198606271777,0.8747992773986351,-0.01718678531913498,0.896164221364334,0.8252304607340413,-0.07093376063029277,0.13276306474088032,0.13836577618706594,0.0056027114461856264
5,Random Forest,Cleveland,Hungary,0.8780487804878048,0.8822260136491369,0.004177233161332117,0.8856423792167203,0.8228273035418201,-0.06281507567490019,0.14250915886777016,0.13617840557248423,-0.006330753295285929
5,Logistic Regression,Hungary,Cleveland,0.9227738376674546,0.8347517108264608,-0.08802212684099375,0.8261478221219325,0.8230628818394632,-0.003084940282469306,0.10875476620450367,0.16804305427985514,0.05928828807535147
5,Random Forest,Hungary,Cleveland,0.9290780141843973,0.8550184242849622,-0.07405958989943506,0.8431322087084276,0.8571251220737162,0.013992913365288517,0.10903479852722335,0.1583744960773815,0.04933969755015814
6,Logistic Regression,Cleveland,Hungary,0.8926829268292683,0.8797169811320754,-0.012965945697192893,0.897100616693963,0.8334138194710607,-0.06368679722290227,0.1319708204039573,0.13071078062125996,-0.001260039782697342
6,Random Forest,Cleveland,Hungary,0.8724738675958188,0.8923123243677238,0.01983845677190499,0.8659695456975429,0.8458922547740126,-0.020077290923530278,0.1459693112617164,0.12874746773988202,-0.017221843521834368
6,Logistic Regression,Hungary,Cleveland,0.8865248226950355,0.8553693630461485,-0.031155459648886996,0.88142848846714,0.839969525412638,-0.04145896305450192,0.1108721507788577,0.15636783179136493,0.04549568101250723
6,Random Forest,Hungary,Cleveland,0.9148936170212767,0.8703281277417091,-0.044565489279567605,0.9147525473173521,0.8646840109875936,-0.050068536329758495,0.11169856617739368,0.15461367904540493,0.04291511286801125
7,Logistic Regression,Cleveland,Hungary,0.9156794425087109,0.882928542753914,-0.03275089975479695,0.898999961075007,0.8399134569730577,-0.059086504101949266,0.11959905563553482,0.12856219760726165,0.008963141971726832
7,Random Forest,Cleveland,Hungary,0.8878048780487804,0.8945202729827378,0.006715394933957453,0.8819878234121988,0.840471151820916,-0.041516671591282805,0.14222520784970574,0.12581527029335918,-0.016409937556346565
7,Logistic Regression,Hungary,Cleveland,0.9148936170212766,0.8351903842779435,-0.07970323274333313,0.8088357461569704,0.8221300660707598,0.013294319913789376,0.11274454194516392,0.16890606393171081,0.05616152198654689
7,Random Forest,Hungary,Cleveland,0.9338061465721039,0.8578698017195999,-0.075936344852504,0.8725968173591943,0.8537925912852459,-0.018804226073948382,0.10263560675882703,0.15636807295579896,0.05373246619697193
8,Logistic Regression,Cleveland,Hungary,0.862020905923345,0.8885487755921317,0.02652786966878673,0.8772233972961404,0.8377790373142912,-0.03944435998184925,0.1492733575134481,0.12402545758870422,-0.025247899924743897
8,Random Forest,Cleveland,Hungary,0.862020905923345,0.8951726214371739,0.033151715513828894,0.8763349194881709,0.8421301072013414,-0.03420481228682948,0.14850935125328357,0.12702507423837864,-0.021484277014904934
8,Logistic Regression,Hungary,Cleveland,0.9109535066981875,0.855808036497631,-0.05514547020055649,0.8345292694644653,0.8410622556436368,0.006532986179171529,0.11727778652204328,0.15699521668832042,0.03971743016627714
8,Random Forest,Hungary,Cleveland,0.9078014184397163,0.8603263730479032,-0.04747504539181313,0.8569225543360557,0.8611941426640659,0.004271588328010223,0.11856397511901112,0.1551600818784252,0.03659610675941408
9,Logistic Regression,Cleveland,Hungary,0.8041811846689895,0.8878462464873544,0.08366506181836497,0.7803923307862717,0.8474029621110883,0.06701063132481666,0.18390105717215463,0.13482207170894359,-0.049078985463211044
9,Random Forest,Cleveland,Hungary,0.7979094076655052,0.8937173825772783,0.09580797491177306,0.8025838590271531,0.8388968792829976,0.036313020255844486,0.18401051689942494,0.12947832114957633,-0.054532195749848605
9,Logistic Regression,Hungary,Cleveland,0.858944050433412,0.8618617301280925,0.002917679694680486,0.7595951441369337,0.8511911085609974,0.0915959644240637,0.15137179702783926,0.1528863098834336,0.001514512855594341
9,Random Forest,Hungary,Cleveland,0.830575256107171,0.8546236181786278,0.024048362071456775,0.7587988575320772,0.8453188073915597,0.08651994985948253,0.16070066122316864,0.15678662718030975,-0.003914034042858894
10,Logistic Regression,Cleveland,Hungary,0.8627177700348431,0.8911581694098755,0.0284403993750324,0.8718023217527351,0.843889923629337,-0.027912398123398074,0.1477883548007876,0.12755870098465813,-0.020229653816129484
10,Random Forest,Cleveland,Hungary,0.8550522648083624,0.8995885186672018,0.044536253858839414,0.8673669779882507,0.8425867160941884,-0.02478026189406224,0.1579217824886748,0.12526561262168118,-0.03265616986699363
10,Logistic Regression,Hungary,Cleveland,0.9078014184397163,0.8315493946306369,-0.07625202380907936,0.8455298406419574,0.8205746248464281,-0.024955215795529284,0.1152506852858046,0.16956323047361943,0.05431254518781484
10,Random Forest,Hungary,Cleveland,0.9125295508274232,0.8512019652570626,-0.061327585570360554,0.8649127426379952,0.8502368197364361,-0.014675922901559169,0.12052577324668044,0.16068960489139947,0.040163831644719025
11,Logistic Regression,Cleveland,Hungary,0.8132404181184668,0.8802187876354878,0.06697836951702096,0.8062050104371699,0.840304277962573,0.034099267525403154,0.18668349923399666,0.13626618360216308,-0.050417315631833576
11,Random Forest,Cleveland,Hungary,0.8097560975609757,0.8886993175431553,0.07894321998217968,0.7974080244778368,0.825141905115266,0.02773388063742921,0.1828097055549243,0.12899488329153846,-0.053814822263385825
11,Logistic Regression,Hungary,Cleveland,0.8975571315996848,0.8430865064046325,-0.0544706251950523,0.8528750333585935,0.8312058019520276,-0.021669231406565848,0.12636269372409173,0.1639584728628634,0.037595779138771684
11,Random Forest,Hungary,Cleveland,0.9117415287628053,0.8587910159677137,-0.052950512795091664,0.8544136545598773,0.8572593858983996,0.0028457313385222838,0.12442957443573884,0.15475028375892064,0.030320709323181802
12,Logistic Regression,Cleveland,Hungary,0.8717770034843205,0.8890505820955439,0.01727357861122336,0.893821330865508,0.8367006305407004,-0.05712070032480754,0.13850419450913853,0.12443640776348737,-0.014067786745651165
12,Random Forest,Cleveland,Hungary,0.8641114982578397,0.8926134082697711,0.028501910011931364,0.8856817309364795,0.8328785654665061,-0.052803165469973434,0.15285259593314723,0.12972026389785515,-0.02313233203529208
12,Logistic Regression,Hungary,Cleveland,0.8833727344365643,0.8509387611861732,-0.0324339732503911,0.8323605747682126,0.8465076786604446,0.01414710389223206,0.14765608398770538,0.1581261100098709,0.010470026022165513
12,Random Forest,Hungary,Cleveland,0.8636721828211189,0.8478680470257939,-0.015804135795325025,0.8070159834334094,0.8372170965651053,0.030201113131695934,0.15274225756358165,0.1600027905153972,0.007260532951815557
13,Logistic Regression,Cleveland,Hungary,0.8278745644599304,0.8858390204737053,0.05796445601377498,0.8277421116984708,0.8371833632256548,0.009441251527184003,0.1685298887458777,0.13297873540606361,-0.035551153339814096
13,Random Forest,Cleveland,Hungary,0.8299651567944252,0.8947209955841027,0.0647558387896775,0.8219179801667694,0.8236195911110185,0.0017016109442490324,0.1714489087915611,0.12966082794413702,-0.04178808084742408
13,Logistic Regression,Hungary,Cleveland,0.9267139479905437,0.8457185471135287,-0.08099540087701507,0.8839445071961993,0.8329714166482295,-0.050973090547969835,0.11256113748111547,0.16020580527635644,0.04764466779524097
13,Random Forest,Hungary,Cleveland,0.9101654846335696,0.8578259343744516,-0.05233955025911796,0.8372503009975245,0.8514450959689788,0.014194794971454261,0.12467383126331526,0.15689500807320172,0.03222117680988647
14,Logistic Regression,Cleveland,Hungary,0.9045296167247387,0.8634584504215176,-0.04107116630322116,0.8681445598605224,0.8255132559891205,-0.042631303871401904,0.12970677757537613,0.14850138681803218,0.018794609242656052
14,Random Forest,Cleveland,Hungary,0.9010452961672474,0.8803191489361701,-0.02072614723107724,0.8658048988255409,0.8307900957599804,-0.035014803065560485,0.1373848489655358,0.1374696957732751,8.484680773931941e-05
14,Logistic Regression,Hungary,Cleveland,0.9361702127659575,0.8402351289699947,-0.09593508379596272,0.9195104798780849,0.8179735673305252,-0.1015369125475597,0.0944136724269931,0.16577953881248872,0.07136586638549562
14,Random Forest,Hungary,Cleveland,0.9345941686367218,0.8486137918933147,-0.0859803767434072,0.9118999108325809,0.8421113751483991,-0.06978853568418186,0.10351322502720792,0.1630516983359852,0.05953847330877729
15,Logistic Regression,Cleveland,Hungary,0.8250871080139373,0.8851364913689281,0.06004938335499088,0.81882334412083,0.8383940376828161,0.01957069356198604,0.18021752398746357,0.127926641656216,-0.05229088233124757
15,Random Forest,Cleveland,Hungary,0.8146341463414634,0.8927639502207948,0.07812980387933144,0.8183149396088927,0.8375071090722728,0.019192169463380093,0.1742748671602683,0.12572133359920531,-0.048553533561062984
15,Logistic Regression,Hungary,Cleveland,0.8936170212765957,0.8590103526934549,-0.034606668583140765,0.8785299333251044,0.85255797053213,-0.025971962792974423,0.11368088831284723,0.15519355680026745,0.04151266848742022
15,Random Forest,Hungary,Cleveland,0.8896769109535066,0.8560273732233724,-0.03364953773013424,0.8591522822580362,0.8531353767384494,-0.006016905519586779,0.1266751513618065,0.15958206013250256,0.032906908770696075
16,Logistic Regression,Cleveland,Hungary,0.8195121951219512,0.8709353673223607,0.051423172200409484,0.7848579400973769,0.8165635706950758,0.03170563059769893,0.1785285997700903,0.1426528292268292,-0.035875770543261104
16,Random Forest,Cleveland,Hungary,0.821602787456446,0.8884484142914492,0.06684562683500317,0.8059086304305529,0.8340953704723655,0.02818674004181254,0.16787224051463578,0.12893248776226743,-0.038939752752368356
16,Logistic Regression,Hungary,Cleveland,0.9377462568951931,0.8555886997718898,-0.0821575571233033,0.9154903527629692,0.8472138827592217,-0.06827647000374748,0.09546575804852069,0.15437199193328402,0.058906233884763334
16,Random Forest,Hungary,Cleveland,0.8983451536643027,0.8579136690647481,-0.04043148459955459,0.8760179214857369,0.8538267407073868,-0.022191180778350028,0.11483499000941848,0.1583044335938178,0.04346944358439932
17,Logistic Regression,Cleveland,Hungary,0.8717770034843205,0.8799678843837816,0.008190880899461073,0.8613123999615839,0.8324033646122484,-0.028909035349335532,0.13906543461054746,0.1357916964840724,-0.003273738126475051
17,Random Forest,Cleveland,Hungary,0.8613240418118467,0.8892011240465676,0.02787708223472085,0.8427342455148455,0.8446203066695122,0.0018860611546666073,0.15282301716016097,0.13409204083652154,-0.01873097632363943
17,Logistic Regression,Hungary,Cleveland,0.9093774625689519,0.8351903842779435,-0.07418707829100846,0.8796662597399909,0.8185379965959579,-0.06112826314403297,0.11484995556651091,0.1665910898724916,0.05174113430598069
17,Random Forest,Hungary,Cleveland,0.9196217494089834,0.8513335672925074,-0.06828818211647603,0.8726305269419055,0.8409478395989456,-0.03168268734295987,0.1147404447648144,0.16232679602068523,0.047586351255870823
18,Logistic Regression,Cleveland,Hungary,0.8160278745644599,0.8847350461661984,0.06870717160173845,0.8325351494338864,0.8408851323786513,0.008349982944764855,0.1646117111258662,0.12581456248000453,-0.03879714864586167
18,Random Forest,Cleveland,Hungary,0.8202090592334494,0.884684865515857,0.06447580628240757,0.8059068601772481,0.8158530167237852,0.009946156546537077,0.1699106977837105,0.13331167524017906,-0.03659902254353145
18,Logistic Regression,Hungary,Cleveland,0.9393223010244287,0.849315669415687,-0.09000663160874167,0.8488694777785866,0.8465086446551048,-0.002360833123481787,0.09261039698759051,0.15759300946123642,0.06498261247364591
18,Random Forest,Hungary,Cleveland,0.9117415287628053,0.8527811896824005,-0.05896033908040488,0.8629538796654994,0.8555205290584694,-0.007433350607029987,0.11681854890866447,0.15870784380736686,0.041889294898702384
19,Logistic Regression,Cleveland,Hungary,0.9128919860627178,0.8745483741469289,-0.038343611915788944,0.9015982755756944,0.8364683600271318,-0.06512991554856262,0.12151715100914705,0.13993225608708582,0.018415105077938768
19,Random Forest,Cleveland,Hungary,0.8996515679442509,0.8879466077880369,-0.011704960156214028,0.8862434650973727,0.8335887623980801,-0.05265470269929262,0.13919448836061651,0.13306676193532355,-0.0061277264252929675
19,Logistic Regression,Hungary,Cleveland,0.900709219858156,0.8463326899456045,-0.054376529912551486,0.8155866378315879,0.8423879558924622,0.02680131806087427,0.11700556878103652,0.1611156313757039,0.044110062594667376
19,Random Forest,Hungary,Cleveland,0.8794326241134752,0.8455869450780839,-0.033845679035391374,0.8195316941138666,0.8388589218478397,0.019327227733973107,0.132666012371649,0.16451251010102202,0.031846497729373036
20,Logistic Regression,Cleveland,Hungary,0.8682926829268294,0.8640606182256123,-0.004232064701217064,0.8084660733376109,0.8237743182651918,0.015308244927580872,0.1484410616353416,0.1460812550262516,-0.0023598066090899927
20,Random Forest,Cleveland,Hungary,0.8829268292682927,0.8769068647129666,-0.006019964555326052,0.8771472211622826,0.8302415274147382,-0.046905693747544386,0.1520576345337131,0.1365352987438141,-0.015522335789899006
20,Logistic Regression,Hungary,Cleveland,0.8936170212765957,0.854667485523776,-0.038949535752819675,0.7951036847984365,0.8458809997404217,0.05077731494198523,0.12930325543180507,0.1582614055571712,0.028958150125366122
20,Random Forest,Hungary,Cleveland,0.884160756501182,0.8547990875592208,-0.029361668941961128,0.8176530479299504,0.8487878116531432,0.031134763723192793,0.132257674212075,0.15923324347485754,0.02697556926278255
21,Logistic Regression,Cleveland,Hungary,0.9066202090592335,0.8819249297470896,-0.02469527931214388,0.8953097683110153,0.8400187484818156,-0.055291019829199706,0.1298616748221899,0.1316184653211146,0.0017567904989246874
21,Random Forest,Cleveland,Hungary,0.9017421602787457,0.8880971497390605,-0.013645010539685143,0.8750118763019428,0.8321320290715449,-0.04287984723039784,0.1433785484671866,0.1291502440373348,-0.01422830442985179
21,Logistic Regression,Hungary,Cleveland,0.8156028368794326,0.84593788383927,0.030335046959837464,0.659748330475721,0.845230562916471,0.18548223244075002,0.19775610059109142,0.16213274989844012,-0.035623350692651296
21,Random Forest,Hungary,Cleveland,0.8274231678486998,0.8469907001228285,0.019567532274128663,0.6676249640952392,0.8472643181137051,0.17963935401846587,0.17847879601578553,0.15864166108424282,-0.01983713493154271
22,Logistic Regression,Cleveland,Hungary,0.8564459930313589,0.869530309112806,0.013084316081447112,0.8440695421936881,0.8253247386804115,-0.018744803513276675,0.15555269823075588,0.14415037740729067,-0.011402320823465206
22,Random Forest,Cleveland,Hungary,0.8473867595818815,0.885738659173023,0.03835189959114149,0.8369956012335584,0.8324164201399029,-0.0045791810936555155,0.16294221219577687,0.13557397081643388,-0.02736824137934299
22,Logistic Regression,Hungary,Cleveland,0.9030732860520094,0.8434374451658185,-0.059635840886190894,0.8653249064358064,0.8218593247202027,-0.04346558171560366,0.11935988379877324,0.16405968737156318,0.04469980357278994
22,Random Forest,Hungary,Cleveland,0.9093774625689519,0.8616862607474995,-0.04769120182145237,0.8791934190938078,0.8581918936675659,-0.021001525426241896,0.11557249562312509,0.15713172582787713,0.04155923020475204
23,Logistic Regression,Cleveland,Hungary,0.8926829268292683,0.8792151746286634,-0.013467752200604921,0.9007594375053184,0.8303344273515154,-0.07042501015380298,0.12956383046484196,0.12769127843557257,-0.001872552029269392
23,Random Forest,Cleveland,Hungary,0.9024390243902439,0.8925130469690887,-0.009925977421155197,0.9088143044752525,0.8357278194843523,-0.0730864849909002,0.1284352658417095,0.1271617419983426,-0.0012735238433669027
23,Logistic Regression,Hungary,Cleveland,0.8715524034672971,0.8506316897701351,-0.020920713697161974,0.8434695900796985,0.8302472427782771,-0.013222347301421356,0.1294770404168907,0.15846881804010104,0.02899177762321034
23,Random Forest,Hungary,Cleveland,0.8731284475965326,0.8620371995086856,-0.011091248087847005,0.8444154456077064,0.8562801521887583,0.011864706581051876,0.13154562490328472,0.1552341468242365,0.023688521920951777
24,Logistic Regression,Cleveland,Hungary,0.9191637630662022,0.8625551987153753,-0.05660856435082684,0.8950893074433295,0.8213916823451383,-0.07369762509819122,0.11511587824985622,0.15769208487939504,0.042576206629538815
24,Random Forest,Cleveland,Hungary,0.9010452961672473,0.8737454837414693,-0.027299812425777947,0.8855307815709961,0.8141255962046035,-0.07140518536639262,0.13487592118796887,0.14201147417063664,0.00713555298266777
24,Logistic Regression,Hungary,Cleveland,0.8289992119779354,0.8526495876469556,0.023650375669020285,0.8054165116699532,0.8491635346838562,0.043747023013902986,0.16704896368514927,0.1569162600582448,-0.010132703626904466
24,Random Forest,Hungary,Cleveland,0.8565799842395587,0.8433058431303737,-0.013274141109185011,0.8103315025844864,0.8321046170138691,0.02177311442938268,0.15893395706645128,0.16372005266634165,0.004786095599890378
25,Logistic Regression,Cleveland,Hungary,0.8968641114982578,0.8748494580489763,-0.02201465344928155,0.8977450604318769,0.831387462240851,-0.06635759819102582,0.12080157232594904,0.14157214755995456,0.020770575234005523
25,Random Forest,Cleveland,Hungary,0.8996515679442509,0.8810216780409474,-0.018629889903303498,0.8866288020307804,0.8213278405741016,-0.06530096145667885,0.13661786702776704,0.14176209071874107,0.005144223690974031
25,Logistic Regression,Hungary,Cleveland,0.8849487785657998,0.8374276188805054,-0.047521159685294356,0.7839782336483887,0.8260212454110575,0.04204301176266878,0.15057890064797766,0.1703433954522116,0.01976449480423395
25,Random Forest,Hungary,Cleveland,0.8739164696611506,0.8422968941919634,-0.031619575469187144,0.7874500160142008,0.8410080101123609,0.05355799409816009,0.147673707211253,0.16438450022945597,0.01671079301820297
26,Logistic Regression,Cleveland,Hungary,0.8327526132404182,0.8781613809714973,0.04540876773107916,0.840819883771041,0.835557936380305,-0.005261947390736044,0.16814301762417155,0.12438810843664068,-0.043754909187530874
26,Random Forest,Cleveland,Hungary,0.8383275261324041,0.8913588920112405,0.05303136587883639,0.8449819389492862,0.8315472607571962,-0.013434678192089988,0.1651927770342496,0.12643775129465884,-0.03875502573959075
26,Logistic Regression,Hungary,Cleveland,0.8991331757289205,0.8429110370240392,-0.05622213870488124,0.8668270646844145,0.831868547172087,-0.03495851751232748,0.13074831978325271,0.1629114011450299,0.032163081361777174
26,Random Forest,Hungary,Cleveland,0.863672182821119,0.8424723635725566,-0.0211998192485624,0.8275665898006324,0.8352374477735054,0.007670857972873035,0.1431200251191557,0.16248166390058785,0.019361638781432156
27,Logistic Regression,Cleveland,Hungary,0.889198606271777,0.883329987956644,-0.005868618315133078,0.8975356009140697,0.8350184457387423,-0.06251715517532741,0.1411915136567352,0.12594307678496738,-0.015248436871767829
27,Random Forest,Cleveland,Hungary,0.89198606271777,0.8912083500602167,-0.0007777126575533311,0.8826333163930997,0.837065363043003,-0.04556795335009667,0.13751975301085712,0.12761275461298707,-0.009906998397870043
27,Logistic Regression,Hungary,Cleveland,0.9180457052797477,0.8382172310931743,-0.07982847418657346,0.9114244106758798,0.8207084139990661,-0.09071599667681363,0.09677613890252819,0.1663747703853613,0.06959863148283311
27,Random Forest,Hungary,Cleveland,0.9267139479905437,0.8480873837515354,-0.07862656423900838,0.8958102503135386,0.8422368352056478,-0.05357341510789071,0.10709899045639895,0.16192672474646416,0.05482773429006521
28,Logistic Regression,Cleveland,Hungary,0.9219512195121952,0.8743978321959052,-0.04755338731629,0.9207069558553953,0.8337153326687198,-0.08699162318667553,0.11435254654746857,0.13520997677614535,0.020857430228676782
28,Random Forest,Cleveland,Hungary,0.9226480836236934,0.8905058209554395,-0.03214226266825393,0.9134654678902603,0.8355072450702834,-0.07795822281997689,0.12856829465298655,0.12955344986438738,0.0009851552114008288
28,Logistic Regression,Hungary,Cleveland,0.929866036249015,0.8367696087032812,-0.09309642754573377,0.8977018275756248,0.8246484240068654,-0.07305340356875933,0.10363171193317805,0.16585609868012874,0.06222438674695069
28,Random Forest,Hungary,Cleveland,0.9038613081166272,0.8498859449026145,-0.05397536321401275,0.8704775033410082,0.8439456719632702,-0.026531831377737958,0.1211763955142812,0.16158426198503098,0.04040786647074979
29,Logistic Regression,Cleveland,Hungary,0.8836236933797909,0.8822761942994781,-0.0013474990803127307,0.8878502484265898,0.8412819719388579,-0.046568276487731874,0.13727379563317652,0.12946811870227487,-0.007805676930901645
29,Random Forest,Cleveland,Hungary,0.8515679442508711,0.8904556403050983,0.03888769605422715,0.8683824606508384,0.8404765518826122,-0.027905908768226184,0.1565902168273115,0.13253499520659565,-0.024055221620715855
29,Logistic Regression,Hungary,Cleveland,0.9022852639873916,0.8380856290577293,-0.0641996349296623,0.8663328878400751,0.8232343020862679,-0.043098585753807206,0.12625449172760392,0.16589419736569838,0.03963970563809446
29,Random Forest,Hungary,Cleveland,0.8904649330181245,0.8617301280926478,-0.028734804925476642,0.8448144317548851,0.8592937223656967,0.014479290610811546,0.1296956959184869,0.15825773471856278,0.02856203880007588
